ID,NAME,EMAIL,ZIP,ip_address
1,Menard Peniman,mpeniman0@yahoo.co.jp,92132,223.107.70.220
2,Paulita Boome,pboome1@over-blog.com,94154,164.183.91.223
3,Barnabe Unthank,bunthank2@blinklist.com,65110,167.248.251.58
4,Boigie Hughes,bhughes3@simplemachines.org,98104,219.28.158.36
5,Trudi Rawet,trawet4@multiply.com,91199,76.97.141.59
6,Elset Paviour,epaviour5@google.com,84105,93.210.178.222
7,Cammi Colthard,ccolthard6@newyorker.com,75049,126.17.241.252
8,Kristal Bleasdale,kbleasdale7@ca.gov,79977,192.94.201.227
9,Donovan Worsalls,dworsalls8@wikimedia.org,20078,101.219.105.228
10,Lynna Grindley,lgrindley9@studiopress.com,72204,149.164.116.199
11,Myrtle Rounds,mroundsa@marriott.com,10310,32.130.157.12
12,Bruis Kelshaw,bkelshawb@indiegogo.com,95113,212.153.172.90
13,Gleda Looks,glooksc@alexa.com,91131,211.176.108.204
14,Catina Erdis,cerdisd@bloglines.com,22212,14.27.11.201
15,Jacob Beaument,jbeaumente@xing.com,75310,70.112.141.200
16,Bonita McRamsey,bmcramseyf@usnews.com,97211,148.26.5.44
17,Dolph Lilloe,dlilloeg@sourceforge.net,55417,47.90.159.177
18,Erika Wrathmell,ewrathmellh@themeforest.net,70820,242.184.234.189
19,Neile Zanini,nzaninii@nymag.com,20575,168.50.2.42
20,Cristi Palin,cpalinj@usnews.com,73190,231.116.48.50
21,Jarret Iorns,jiornsk@wix.com,61825,238.63.221.228
22,Aloise Breeze,abreezel@blogspot.com,6912,200.174.95.18
23,Audy Jugging,ajuggingm@sciencedirect.com,98104,190.98.103.251
24,Kaylee Arthy,karthyn@forbes.com,85099,236.200.244.41
25,Benton Kitchenham,bkitchenhamo@va.gov,90505,229.28.189.73
26,Johnnie Hanne,jhannep@epa.gov,76598,218.226.22.19
27,Barbi Budnk,bbudnkq@jiathis.com,40618,219.64.86.134
28,Lyell McDowell,lmcdowellr@ask.com,52245,163.42.174.13
29,Bunny Testro,btestros@cmu.edu,77035,230.114.0.117
30,Cahra Sandels,csandelst@cloudflare.com,53710,88.72.154.190
31,Broddy Caldicott,bcaldicottu@umich.edu,92662,222.163.46.194
32,Jerry Glacken,jglackenv@elpais.com,85260,179.34.149.96
33,Olwen Bemwell,obemwellw@temp_email.com,40596,29.103.144.57
34,Dari Matfield,dmatfieldx@meetup.com,99522,52.44.24.40
35,Johan Lindwasser,jlindwassery@npr.org,73179,138.145.46.84
36,Zaccaria Andriuzzi,zandriuzziz@typepad.com,47732,144.191.131.67
37,Amberly Yashin,ayashin10@uol.com.br,29424,208.34.201.76
38,Dyann Kalinke,dkalinke11@smugmug.com,50362,73.100.123.76
39,Toinette Kopfer,tkopfer12@accuweather.com,2283,254.71.220.175
40,Raleigh Chesher,rchesher13@flickr.com,77070,132.20.230.164
41,Arlin Gain,again14@edublogs.org,90035,70.20.144.209
42,Sissy Capaldo,scapaldo15@1688.com,33710,89.187.7.154
43,Moina Inglese,minglese16@phoca.cz,2283,165.216.236.62
44,Kendricks Lawful,klawful17@loc.gov,95064,115.43.184.45
45,Jozef Simonite,jsimonite18@tuttocitta.it,20535,223.111.30.57
46,Purcell Abramovicz,pabramovicz19@salon.com,64125,136.153.227.74
47,Katti Perring,kperring1a@sakura.ne.jp,79705,74.140.39.177
48,Elene McWilliams,emcwilliams1b@theguardian.com,40287,105.167.22.78
49,Hedvig Balden,hbalden1c@nymag.com,87505,186.87.244.163
50,Win Febre,wfebre1d@wunderground.com,27409,114.2.51.27
51,Tessi Reiach,treiach1e@springer.com,63143,79.178.118.113
52,Aurthur Cruickshank,acruickshank1f@nasa.gov,20078,180.91.188.56
53,Esmeralda Kuhwald,ekuhwald1g@nsw.gov.au,99522,173.119.245.251
54,Andi Trembley,atrembley1h@sohu.com,35244,9.244.145.43
55,Audi Virgo,avirgo1i@un.org,94627,203.230.46.94
56,Simeon Treherne,streherne1j@buzzfeed.com,55108,119.54.0.155
57,Fulvia Ivatt,fivatt1k@acquirethisname.com,10060,13.242.142.164
58,Annabal Babcock,ababcock1l@cbslocal.com,90010,244.149.159.143
59,Jon Studeart,jstudeart1m@goo.ne.jp,76011,25.81.206.208
60,Dylan Felgat,dfelgat1n@bluehost.com,33129,203.162.236.177
61,Logan Netherclift,lnetherclift1o@nyu.edu,70174,84.45.99.132
62,Rosy Etteridge,retteridge1p@google.co.uk,60619,166.151.212.36
63,Lilllie Ybarra,lybarra1q@webs.com,17110,235.222.154.247
64,Philly McCreary,pmccreary1r@webs.com,90040,205.218.197.99
65,Bradly Aronowitz,baronowitz1s@bloglovin.com,6145,4.133.87.183
66,Winnifred Drees,wdrees1t@nyu.edu,94297,74.134.138.124
67,Rhody Legerton,rlegerton1u@sun.com,44185,151.82.234.180
68,Krissie Waszczyk,kwaszczyk1v@google.co.jp,32128,138.135.249.221
69,Torry Blacksell,tblacksell1w@gov.uk,95160,162.123.209.104
70,Xenos Batts,xbatts1x@vkontakte.ru,23509,142.61.67.251
71,Aindrea Doggerell,adoggerell1y@tumblr.com,30245,189.138.134.80
72,Fabe Jewar,fjewar1z@moonfruit.com,33686,67.84.127.8
73,Irvin Wiggin,iwiggin20@angelfire.com,19120,188.53.148.191
74,Chloette Gepp,cgepp21@forbes.com,59112,91.1.193.210
75,Barbie Grayham,bgrayham22@guardian.co.uk,98506,103.179.68.140
76,Danya Juszkiewicz,djuszkiewicz23@google.nl,49560,85.0.158.252
77,Baird Ringer,bringer24@123-reg.co.uk,52410,214.251.170.88
78,Roseline Luttgert,rluttgert25@ezinearticles.com,20088,215.70.202.23
79,Duff Toope,dtoope26@exblog.jp,44485,70.90.227.20
80,Sanders O'Fielly,sofielly27@nasa.gov,71151,155.37.189.182
81,Georges Gritland,ggritland28@soundcloud.com,80291,26.126.197.240
82,Gran Sessions,gsessions29@ca.gov,27415,35.214.141.203
83,Barbra Ridpath,bridpath2a@earthlink.net,62723,168.128.149.230
84,Channa Pigrome,cpigrome2b@bigcartel.com,10459,123.134.89.89
85,Lowrance Sweetenham,lsweetenham2c@epa.gov,60604,103.95.255.156
86,Doloritas Dunnett,ddunnett2d@tinypic.com,75044,2.209.166.167
87,Erny De Simone,ede2e@marketwatch.com,82007,27.223.68.244
88,Joice Decent,jdecent2f@ft.com,14614,185.90.111.126
89,Jessalin Dancy,jdancy2g@wired.com,18505,81.58.106.135
90,Grantham Keat,gkeat2h@ucla.edu,20252,146.124.141.221
91,Elvira Arkle,earkle2i@nps.gov,92883,127.24.68.149
92,Loella Olwen,lolwen2j@mail.ru,46295,166.0.118.134
93,Eddi Westwick,ewestwick2k@soup.io,33233,35.205.237.226
94,Friederike Gormally,fgormally2l@illinois.edu,92668,9.42.48.50
95,Clayborn De Vere,cde2m@tiny.cc,95138,61.46.136.154
96,Yance Tomaszczyk,ytomaszczyk2n@lycos.com,94297,156.229.32.213
97,Annie Carmel,acarmel2o@google.ca,10160,28.27.190.27
98,Carole Elverstone,celverstone2p@samsung.com,64136,125.45.215.61
99,Carlie Stoke,cstoke2q@dailymotion.com,6127,237.17.7.154
100,Renate Bonifacio,rbonifacio2r@hibu.com,70826,254.87.126.234
101,Ivie Grayer,igrayer2s@reverbnation.com,44710,117.85.112.86
102,Cecilla Glason,cglason2t@ustream.tv,6183,250.89.250.211
103,Ardella Bonnick,abonnick2u@imageshack.us,76115,19.4.83.208
104,Bria Fazzioli,bfazzioli2v@mysql.com,72209,179.30.242.105
105,Terra Vreede,tvreede2w@eepurl.com,28815,24.56.148.123
106,Valeria Lenglet,vlenglet2x@wikispaces.com,14619,59.134.118.253
107,Bernie Precious,bprecious2y@ycombinator.com,50393,142.6.231.163
108,Marlee Iddison,middison2z@pbs.org,75397,251.53.237.141
109,Gaelan Gemeau,ggemeau30@surveymonkey.com,76210,17.55.110.49
110,Simone Packe,spacke31@usnews.com,47732,223.19.172.24
111,Kennan Fiennes,kfiennes32@ning.com,6152,43.119.235.88
112,Judy Blaylock,jblaylock33@chron.com,91131,68.119.173.21
113,Estel Snoddy,esnoddy34@dell.com,89166,75.174.176.140
114,Bartlett Paoli,bpaoli35@yellowbook.com,94627,155.235.197.210
115,Abagael Biasio,abiasio36@webnode.com,28210,216.5.140.137
116,Chrissy Triggle,ctriggle37@dyndns.org,33715,178.222.84.82
117,Gwenore Vequaud,gvequaud38@reverbnation.com,97255,118.188.164.7
118,York Kneller,ykneller39@marketwatch.com,40287,234.46.157.214
119,Ladonna Ormrod,lormrod3a@linkedin.com,2114,113.199.48.32
120,Sumner Hazael,shazael3b@smugmug.com,80217,219.206.215.244
121,Quill McMechan,qmcmechan3c@youku.com,19146,255.103.17.210
122,Eustace Santello,esantello3d@exblog.jp,25389,187.166.195.138
123,Annadiana Terron,aterron3e@earthlink.net,37914,29.207.87.103
124,Kym Elms,kelms3f@examiner.com,21405,246.150.127.127
125,Baily Runsey,brunsey3g@photobucket.com,34665,130.111.152.44
126,Ileane Ledbury,iledbury3h@cdbaby.com,74103,22.35.189.135
127,Glad Godbehere,ggodbehere3i@goodreads.com,16522,246.247.123.201
128,Fraser Scottini,fscottini3j@hatena.ne.jp,16565,177.147.55.214
129,Alfredo Knipe,aknipe3k@squarespace.com,85743,141.73.102.190
130,Aggy Borit,aborit3l@wikipedia.org,10105,89.143.59.155
131,Helyn Callender,hcallender3m@hugedomains.com,32835,174.134.213.0
132,Modestine Stockow,mstockow3n@earthlink.net,74184,178.29.20.124
133,Brendin ducarme,bducarme3o@tiny.cc,85205,3.224.175.164
134,Phedra Hutfield,phutfield3p@de.vu,73173,223.145.22.98
135,Cornelle Lawty,clawty3q@technorati.com,70187,136.138.83.102
136,Osborn Sneaker,osneaker3r@last.fm,75210,53.75.218.36
137,Lucila Jagielski,ljagielski3s@guardian.co.uk,20535,219.145.8.198
138,Rae Dummigan,rdummigan3t@wired.com,11054,91.126.17.86
139,Gladys Jacobsson,gjacobsson3u@prnewswire.com,77288,0.67.196.34
140,Clarey Scantlebury,cscantlebury3v@gnu.org,29424,187.210.230.250
141,Liva Rookesby,lrookesby3w@slate.com,60652,25.59.107.229
142,Victoir Stickney,vstickney3x@discuz.net,70183,165.155.151.10
143,Clemmie Engall,cengall3y@businessinsider.com,6183,245.192.108.123
144,Lanna Berkeley,lberkeley3z@hexun.com,45254,70.36.245.122
145,Christan Brech,cbrech40@xinhuanet.com,90610,78.120.59.134
146,Joachim Braz,jbraz41@moonfruit.com,28815,114.23.23.239
147,Ivory Cornewell,icornewell42@lulu.com,7104,237.227.103.248
148,Maynard Kirke,mkirke43@geocities.com,38168,16.36.206.202
149,Karoly Ghiotto,kghiotto44@chron.com,94297,246.181.174.206
150,Britteny Cozby,bcozby45@theglobeandmail.com,77281,178.28.66.241
151,Thor Plinck,tplinck46@gov.uk,36177,197.54.147.136
152,Regan Dunn,rdunn47@ibm.com,10009,198.74.111.102
153,Rivalee Vigurs,rvigurs48@twitter.com,88006,125.211.26.20
154,Royal Resdale,rresdale49@shop-pro.jp,31410,4.129.241.92
155,Lelah Gurnett,lgurnett4a@plala.or.jp,22119,247.70.120.120
156,Lidia Spurrior,lspurrior4b@imdb.com,63121,17.168.176.151
157,Pietrek Crummy,pcrummy4c@webs.com,98115,238.254.106.206
158,Ailyn Yosifov,ayosifov4d@dell.com,97211,246.185.97.84
159,Rachelle Puddicombe,rpuddicombe4e@jimdo.com,90189,229.15.155.217
160,Kippar Doull,kdoull4f@webs.com,94159,6.109.12.136
161,Charlton Craxford,ccraxford4g@foxnews.com,16522,190.242.123.206
162,Dalis Giorio,dgiorio4h@cocolog-nifty.com,92725,107.173.33.83
163,Sheelah McTerrelly,smcterrelly4i@digg.com,21290,242.156.247.63
164,Tanitansy Kehir,tkehir4j@godaddy.com,73173,129.234.220.224
165,Shayla Moran,smoran4k@typepad.com,77228,135.45.15.221
166,Kristina Powers,kpowers4l@simplemachines.org,97075,148.56.211.117
167,Edgar Furze,efurze4m@sohu.com,39236,139.255.150.149
168,Albrecht Potte,apotte4n@ustream.tv,22301,240.96.182.99
169,Aaren Marlow,amarlow4o@telegraph.co.uk,23289,102.46.225.121
170,Cynthia Bollins,cbollins4p@shop-pro.jp,70179,181.54.226.157
171,Parrnell Van der Mark,pvan4q@craigslist.org,18105,223.237.39.115
172,Cherilynn Parratt,cparratt4r@house.gov,91186,75.32.33.57
173,Tallie Da Costa,tda4s@naver.com,92619,237.240.78.61
174,Sheba Canario,scanario4t@state.tx.us,10270,16.9.252.227
175,Horton Nunnery,hnunnery4u@imdb.com,73190,173.56.67.132
176,Blythe Joplin,bjoplin4v@arstechnica.com,28235,132.231.230.137
177,Constantina Overell,coverell4w@slashdot.org,95160,20.168.80.140
178,Vilma Lancashire,vlancashire4x@mozilla.org,83732,240.186.51.88
179,Cad Whyberd,cwhyberd4y@alibaba.com,80249,124.59.46.213
180,Francesca Braban,fbraban4z@free.fr,20252,228.180.62.184
181,Elton Olyfant,eolyfant50@webnode.com,27264,193.174.134.25
182,Robers Creer,rcreer51@dot.gov,30130,81.150.160.73
183,Darius Mustard,dmustard52@yellowbook.com,21281,166.86.36.215
184,Dennis Steart,dsteart53@pbs.org,72118,234.60.24.204
185,Terrill Hinkley,thinkley54@acquirethisname.com,27635,177.111.221.199
186,Amie Forsdyke,aforsdyke55@bloomberg.com,85705,235.133.187.165
187,Hamil Borrill,hborrill56@dion.ne.jp,78225,136.137.221.209
188,Abbe Willimott,awillimott57@vimeo.com,34665,188.138.15.8
189,Blanca Ziemens,bziemens58@1und1.de,73179,254.20.67.80
190,Dela Stanion,dstanion59@pcworld.com,84170,12.107.113.176
191,Waylan Chagg,wchagg5a@feedburner.com,90055,207.20.206.98
192,Merola Finney,mfinney5b@usgs.gov,73135,107.63.14.58
193,Manny Devonish,mdevonish5c@altervista.org,75216,208.62.145.145
194,Dasi Lebang,dlebang5d@cmu.edu,20337,254.14.251.222
195,Angelia Brahan,abrahan5e@fotki.com,49444,154.223.29.84
196,Garreth Warn,gwarn5f@hibu.com,10175,131.252.246.45
197,Kris Gurwood,kgurwood5g@java.com,85271,131.202.224.57
198,Theodore Mullally,tmullally5h@sfgate.com,88525,107.181.52.83
199,Efrem Baton,ebaton5i@shop-pro.jp,94611,38.85.183.161
200,Riobard Readitt,rreaditt5j@mapy.cz,77386,83.194.114.213
201,Brigitta Sydney,bsydney5k@soup.io,24009,245.209.59.70
202,Sarina Gass,sgass5l@fda.gov,77035,23.103.152.124
203,Toddy Oselton,toselton5m@yelp.com,6105,186.63.31.168
204,Gardie Stannard,gstannard5n@hugedomains.com,24040,40.63.56.17
205,Simona Yashanov,syashanov5o@admin.ch,79940,132.245.31.246
206,Nedi Sherwin,nsherwin5p@nba.com,75260,80.205.172.109
207,Gwyneth De Bruin,gde5q@purevolume.com,75710,239.90.119.47
208,Drucy Ellerby,dellerby5r@sbwire.com,85246,245.255.244.49
209,Ofella Wilkinson,owilkinson5s@reuters.com,93907,200.176.141.57
210,Kevin Vasilyev,kvasilyev5t@goodreads.com,19146,7.24.143.94
211,Sharon Boissier,sboissier5u@webeden.co.uk,79165,243.129.233.144
212,Derron Butter,dbutter5v@amazon.de,34108,198.225.19.150
213,Gayelord Beckitt,gbeckitt5w@cpanel.net,73135,207.45.201.138
214,Pippo Beardsell,pbeardsell5x@elpais.com,20337,188.119.42.18
215,Marjy McLukie,mmclukie5y@alexa.com,53225,124.175.224.20
216,Sheilah Briamo,sbriamo5z@weibo.com,98664,21.68.196.2
217,Joaquin Landsborough,jlandsborough60@sitemeter.com,84409,158.106.42.211
218,Gaylene Brewett,gbrewett61@npr.org,75260,99.199.86.235
219,Brod Veracruysse,bveracruysse62@mapquest.com,32244,71.201.16.193
220,Winnah Spiring,wspiring63@huffingtonpost.com,20252,99.41.51.118
221,Kalil Lamdin,klamdin64@aboutads.info,22309,81.162.234.247
222,Magdalene Kield,mkield65@topsy.com,27404,213.216.238.59
223,Jami Toffler,jtoffler66@cam.ac.uk,47737,61.65.238.133
224,Georgeanne Pigne,gpigne67@wsj.com,88525,195.249.90.77
225,Herculie Longcake,hlongcake68@xinhuanet.com,31998,161.120.98.53
226,Wallie Gommey,wgommey69@prnewswire.com,78726,9.137.241.138
227,Reece Spong,rspong6a@thetimes.co.uk,79977,67.143.116.98
228,Gilemette Von Brook,gvon6b@cafepress.com,74116,54.123.17.126
229,Cahra Formby,cformby6c@forbes.com,93726,81.230.52.110
230,Waylin Hirtz,whirtz6d@blogger.com,33686,15.52.4.202
231,Daphne Abriani,dabriani6e@stanford.edu,20535,78.164.214.129
232,Pris Devers,pdevers6f@cargocollective.com,48126,82.10.167.108
233,Christi Conry,cconry6g@flavors.me,30328,222.197.235.164
234,Jacquie Doughtery,jdoughtery6h@dedecms.com,93726,13.82.124.240
235,Temple Rasper,trasper6i@mlb.com,71161,231.59.211.103
236,Becky Lamputt,blamputt6j@parallels.com,14652,78.213.158.231
237,Jyoti Gemmill,jgemmill6k@webnode.com,95194,66.250.94.55
238,Catarina Hollebon,chollebon6l@discuz.net,48242,205.89.254.185
239,Gertrude Balaizot,gbalaizot6m@t-online.de,98687,67.16.212.57
240,Rabbi Ort,rort6n@senate.gov,85010,196.141.62.230
241,Kissee Saban,ksaban6o@answers.com,20436,218.225.165.161
242,Joaquin Polye,jpolye6p@microsoft.com,20036,126.192.98.214
243,Othilie Poles,opoles6q@tumblr.com,11247,202.114.253.10
244,Muhammad Wakeman,mwakeman6r@walmart.com,79999,108.179.45.134
245,Tabb Slides,tslides6s@php.net,77240,33.244.105.246
246,Abbe Van den Dael,avan6t@geocities.jp,96840,171.68.144.111
247,Brennan Cathee,bcathee6u@creativecommons.org,75216,34.98.232.79
248,Dennison Rodway,drodway6v@phpbb.com,10045,241.52.116.208
249,Fredric Deftie,fdeftie6w@unesco.org,33411,241.174.23.175
250,Brietta Gaythor,bgaythor6x@jalbum.net,23237,44.199.67.200
251,Ondrea Gasticke,ogasticke6y@sbwire.com,92648,123.161.247.225
252,Reinaldos Barefoot,rbarefoot6z@tiny.cc,85025,180.30.87.20
253,Jenn Matzel,jmatzel70@cmu.edu,20252,113.177.182.35
254,Myrta Riddles,mriddles71@washingtonpost.com,92640,237.195.112.190
255,Krista Cuseck,kcuseck72@shareasale.com,25331,147.194.72.242
256,Kin Elsmor,kelsmor73@columbia.edu,91210,179.53.61.184
257,Ronnie Costain,rcostain74@alexa.com,49510,208.198.54.52
258,Efrem Bianco,ebianco75@elpais.com,34665,236.92.103.18
259,Lemmie Linstead,llinstead76@bloglines.com,23324,189.65.8.254
260,Rachelle McCandless,rmccandless77@surveymonkey.com,15266,64.233.120.225
261,Chico Pelcheur,cpelcheur78@stanford.edu,55108,217.58.227.154
262,Nessa Bibby,nbibby79@smugmug.com,64136,134.22.227.149
263,Ingram Aspenlon,iaspenlon7a@hp.com,33064,125.206.61.58
264,Annette Fonzo,afonzo7b@dot.gov,23285,138.50.250.201
265,Aloisia Anespie,aanespie7c@bing.com,37220,171.93.217.66
266,Barnebas Bullier,bbullier7d@kickstarter.com,46862,172.79.81.144
267,Linnet Grigaut,lgrigaut7e@japanpost.jp,53277,55.239.172.45
268,Vivian Hopfner,vhopfner7f@de.vu,79176,113.239.248.14
269,Kiri Craig,kcraig7g@wsj.com,32868,125.148.234.182
270,Cedric Moreton,cmoreton7h@meetup.com,67210,224.100.66.104
271,Matthaeus Dibdin,mdibdin7i@va.gov,74108,94.58.71.235
272,Martin Brinkler,mbrinkler7j@hexun.com,19805,11.65.79.40
273,Amelia Vicker,avicker7k@sciencedirect.com,32092,61.190.159.149
274,Odell Strettell,ostrettell7l@statcounter.com,74116,70.239.170.188
275,Hervey Greetland,hgreetland7m@furl.net,36205,23.164.77.60
276,Katheryn Draxford,kdraxford7n@moonfruit.com,10125,177.206.73.236
277,Coraline Kitchener,ckitchener7o@intel.com,19714,247.228.33.146
278,Chance Pinare,cpinare7p@examiner.com,20252,188.61.159.199
279,Joleen Wohlers,jwohlers7q@hud.gov,39216,20.133.200.129
280,Erwin McClarence,emcclarence7r@arstechnica.com,80279,75.238.60.177
281,Skye Sollas,ssollas7s@elegantthemes.com,2208,97.146.72.179
282,Westbrooke Rechert,wrechert7t@trellian.com,92835,207.170.53.82
283,Marena Attryde,mattryde7u@amazon.de,75260,121.156.173.7
284,Carole Cappineer,ccappineer7v@ask.com,22313,210.50.154.152
285,Alanah Krink,akrink7w@github.com,66276,119.30.7.136
286,Viviana Spraggs,vspraggs7x@redcross.org,37939,206.3.183.50
287,Karia Lenoir,klenoir7y@salon.com,77095,74.185.28.134
288,Berton Lavrick,blavrick7z@epa.gov,29505,118.211.198.148
289,Penny Reddin,preddin80@netscape.com,90831,135.68.127.137
290,Carlen Whelpton,cwhelpton81@last.fm,70116,29.156.220.20
291,Leeanne Ranson,lranson82@ebay.com,43210,188.76.100.69
292,Law Doiley,ldoiley83@apache.org,23459,38.217.194.230
293,Benjamin Worton,bworton84@friendfeed.com,55123,84.6.222.67
294,Lusa Seefus,lseefus85@accuweather.com,10150,72.64.93.201
295,Vitoria Bramich,vbramich86@livejournal.com,28230,154.85.17.110
296,Sofie Boarder,sboarder87@cam.ac.uk,15266,43.248.173.1
297,Loleta Blaszczyk,lblaszczyk88@ebay.co.uk,33436,240.217.223.245
298,Ellis Culver,eculver89@kickstarter.com,27404,111.135.29.37
299,Romona Creak,rcreak8a@creativecommons.org,92648,22.20.236.34
300,Elane Watkiss,ewatkiss8b@vistaprint.com,20051,217.37.92.199
301,Milli Bovingdon,mbovingdon8c@wix.com,20252,91.126.220.222
302,Tova Kunz,tkunz8d@free.fr,23663,193.115.191.246
303,Gilda Leyzell,gleyzell8e@fastcompany.com,34745,54.228.221.52
304,Lewes Clulow,lclulow8f@hp.com,28405,32.127.2.210
305,Clarice Casine,ccasine8g@topsy.com,30061,37.255.180.60
306,Bond Belvin,bbelvin8h@vinaora.com,76705,118.243.187.179
307,Gardner Dimelow,gdimelow8i@businessweek.com,39282,8.8.89.34
308,Heriberto McLemon,hmclemon8j@walmart.com,28405,44.43.69.16
309,Oneida Hubberstey,ohubberstey8k@macromedia.com,72199,73.102.139.32
310,Crosby Whitham,cwhitham8l@businesswire.com,64504,222.12.100.114
311,Alvie Cahill,acahill8m@pen.io,37924,86.247.127.77
312,Ingeberg Kemm,ikemm8n@tuttocitta.it,39236,127.158.134.225
313,Lezley Drewes,ldrewes8o@npr.org,85383,218.74.88.34
314,Pier Ox,pox8p@state.tx.us,92110,36.156.203.119
315,Marten Feaviour,mfeaviour8q@php.net,32304,187.34.119.241
316,Iggy Himpson,ihimpson8r@illinois.edu,95205,179.194.46.247
317,Jeannette Hartil,jhartil8s@nationalgeographic.com,32590,229.2.166.222
318,Clarisse Jandac,cjandac8t@chronoengine.com,80045,12.59.223.88
319,Brett Berndt,bberndt8u@senate.gov,30096,88.128.76.249
320,Goober Shearmur,gshearmur8v@npr.org,52405,83.111.77.195
321,Lottie Burkhill,lburkhill8w@addtoany.com,33731,52.252.237.174
322,Hilly Yonge,hyonge8x@vimeo.com,45020,60.132.28.73
323,Becka Goulthorp,bgoulthorp8y@jalbum.net,44185,217.58.191.239
324,Care Greenslade,cgreenslade8z@csmonitor.com,37410,194.115.223.32
325,Margaretta Dudding,mdudding90@alexa.com,99522,65.184.203.141
326,Sonja Corneille,scorneille91@prweb.com,60657,34.52.50.185
327,Amy Pantin,apantin92@over-blog.com,2912,206.107.107.222
328,Renard Scrammage,rscrammage93@businessweek.com,92662,18.70.93.152
329,Stephan Gorghetto,sgorghetto94@taobao.com,14614,123.94.121.103
330,Lance Benley,lbenley95@bizjournals.com,90410,213.112.97.182
331,Esmaria Mitchell,emitchell96@slashdot.org,23459,157.78.195.173
332,Clea Bewshaw,cbewshaw97@edublogs.org,21747,220.170.199.132
333,Hannis Gonnet,hgonnet98@jimdo.com,27710,4.1.146.128
334,Jaquith Braisted,jbraisted99@mail.ru,85246,138.148.87.162
335,Lamont Doncom,ldoncom9a@huffingtonpost.com,6816,208.140.44.142
336,Yolane Hawes,yhawes9b@rambler.ru,46852,135.205.55.40
337,Gelya Nore,gnore9c@google.pl,79705,75.255.45.135
338,Sibella Dugdale,sdugdale9d@examiner.com,75185,180.23.153.111
339,Melissa Collister,mcollister9e@harvard.edu,32830,155.138.14.237
340,Ruttger Drees,rdrees9f@ca.gov,23612,124.220.20.200
341,Daniele Grafton,dgrafton9g@printfriendly.com,18763,43.171.50.146
342,Jewell Lipman,jlipman9h@hugedomains.com,95108,53.146.68.63
343,Valdemar Chorley,vchorley9i@state.gov,28205,166.78.189.113
344,Ossie Senogles,osenogles9j@intel.com,43605,171.52.204.215
345,Cchaddie Jentges,cjentges9k@rambler.ru,20470,181.153.97.47
346,Saraann Geertsen,sgeertsen9l@ca.gov,32204,24.93.149.252
347,Oralle Marrows,omarrows9m@homestead.com,53710,165.253.152.35
348,Thedrick Kynder,tkynder9n@about.me,97229,182.113.48.208
349,Shellie Lithcow,slithcow9o@umich.edu,70179,173.24.169.71
350,Kenneth Jeste,kjeste9p@chronoengine.com,94154,2.57.28.230
351,Kirbee Widdop,kwiddop9q@buzzfeed.com,20910,15.132.237.232
352,Krispin Hoston,khoston9r@feedburner.com,89510,93.230.142.101
353,Huey Riseborough,hriseborough9s@sun.com,32255,152.34.14.234
354,Randi Paulley,rpaulley9t@seattletimes.com,20566,40.242.44.195
355,Sawyer Degoey,sdegoey9u@amazon.de,70505,229.237.145.30
356,Gris Crowhurst,gcrowhurst9v@eepurl.com,6183,80.134.163.5
357,Donni Josephson,djosephson9w@ted.com,40745,51.93.59.11
358,Martha Plum,mplum9x@eventbrite.com,75799,156.214.104.253
359,Gabie Kynge,gkynge9y@imageshack.us,78215,158.68.202.82
360,Newton Lowton,nlowton9z@kickstarter.com,85246,191.83.217.123
361,Ephrem Antoszczyk,eantoszczyka0@vkontakte.ru,40618,174.74.227.245
362,Katerina Jeanequin,kjeanequina1@myspace.com,66622,93.159.113.141
363,Gonzales Gartin,ggartina2@whitehouse.gov,33673,205.2.117.44
364,Katalin Clilverd,kclilverda3@vk.com,88514,137.16.46.177
365,Kessiah Loughan,kloughana4@usgs.gov,32575,129.64.40.140
366,Jenilee Lorey,jloreya5@ocn.ne.jp,77293,96.56.231.161
367,Gaultiero Mullan,gmullana6@typepad.com,79165,232.47.190.23
368,Margery Tejada,mtejadaa7@hugedomains.com,31165,77.39.13.207
369,Marlene Bassam,mbassama8@slate.com,50369,33.242.221.179
370,Ruthi De Meyer,rdea9@hao123.com,63169,186.193.219.176
371,Elisabet Hurling,ehurlingaa@europa.eu,77305,175.235.151.181
372,Gordie Fenck,gfenckab@fc2.com,18706,218.185.140.73
373,Drona Swiers,dswiersac@tinyurl.com,78764,24.79.209.230
374,Avrit Poff,apoffad@timesonline.co.uk,20910,162.125.231.141
375,Jessi Roskell,jroskellae@soup.io,20566,33.137.177.126
376,Adria Domke,adomkeaf@yellowpages.com,33994,115.27.233.224
377,Kendrick Bernard,kbernardag@digg.com,12205,211.1.68.224
378,Barnebas Godlonton,bgodlontonah@hubpages.com,32255,135.167.111.23
379,Carey Pringley,cpringleyai@telegraph.co.uk,79945,45.250.233.210
380,Min Hargate,mhargateaj@sfgate.com,27499,202.235.50.21
381,Consuelo Dulen,cdulenak@telegraph.co.uk,33190,88.197.116.228
382,Aylmer Alonso,aalonsoal@kickstarter.com,2745,78.29.41.166
383,Wilburt Lennarde,wlennardeam@dedecms.com,19810,221.239.181.141
384,Christabella McNaughton,cmcnaughtonan@omniture.com,28405,122.28.106.26
385,Petronille Hayton,phaytonao@latimes.com,35815,241.77.52.100
386,Rolland Tallow,rtallowap@columbia.edu,85715,86.38.206.81
387,Rubi Bernat,rbernataq@paypal.com,99522,120.115.20.237
388,Ethel Brownsill,ebrownsillar@yale.edu,23454,37.2.202.122
389,Gerianne Gunson,ggunsonas@army.mil,37665,99.170.106.75
390,Irvin Greenlees,igreenleesat@discovery.com,8922,253.236.155.162
391,Levi Worboy,lworboyau@tinypic.com,20016,36.131.253.169
392,Stephanie Matijasevic,smatijasevicav@hao123.com,70505,198.194.20.7
393,Fanchette Vasnetsov,fvasnetsovaw@economist.com,33411,5.244.176.232
394,Radcliffe Maasze,rmaaszeax@ibm.com,32835,106.226.105.253
395,Dee dee Elden,ddeeay@ca.gov,63180,2.136.132.16
396,Kala Cradduck,kcradduckaz@irs.gov,10469,204.136.89.32
397,Romeo Epps,reppsb0@sun.com,90094,145.185.35.39
398,Torie Gozzard,tgozzardb1@yahoo.co.jp,25331,184.243.19.147
399,Naoma Hearst,nhearstb2@instagram.com,66105,123.240.228.214
400,Halli Enrietto,henriettob3@abc.net.au,68510,103.252.186.187
401,Siobhan de Chastelain,sdeb4@360.cn,10170,98.159.186.181
402,Jerad Geany,jgeanyb5@ucla.edu,10125,14.121.207.63
403,Art Vandelay,tloyb6@un.org,10105,63.90.250.206
404,Antin Genever,ageneverb7@gravatar.com,10125,179.143.60.154
405,Dwight Lindmark,dlindmarkb8@utexas.edu,92835,10.1.2.7
406,Tybie Cornborough,tcornboroughb9@xinhuanet.com,47737,115.248.143.227
407,Harlin Sousa,hsousaba@webmd.com,28235,186.226.181.160
408,Jay Feely,jfeelybb@youku.com,30061,153.73.171.155
409,Pietro Di Franceschi,pdibc@virginia.edu,32230,26.190.216.94
410,Paddie Nekrews,pnekrewsbd@reference.com,64082,10.176.214.47
411,Elwyn Nenci,enencibe@xrea.com,77288,214.168.177.176
412,Baird O'Luby,bolubybf@earthlink.net,30045,206.185.150.88
413,Ariana Gregr,agregrbg@nps.gov,40287,213.76.7.138
414,Falkner Iacomelli,fiacomellibh@artisteer.com,77045,111.20.208.80
415,Dara Verick,dverickbi@w3.org,49505,222.172.229.82
416,Kendall Rings,kringsbj@simplemachines.org,92191,106.83.59.117
417,Lucio Comizzoli,lcomizzolibk@newsvine.com,48242,238.146.249.13
418,Luigi Nesby,lnesbybl@msu.edu,60630,145.38.163.255
419,Fawn Pestor,fpestorbm@mapquest.com,11044,144.199.57.159
420,Vilma L'Homme,vlhommebn@ca.gov,66286,156.195.196.205
421,Claude O'Fogerty,cofogertybo@theglobeandmail.com,45264,223.167.227.122
422,Diannne Halms,dhalmsbp@google.ru,49560,201.174.172.95
423,Even Helmke,ehelmkebq@joomla.org,31914,248.111.99.78
424,Siegfried Plowman,splowmanbr@freewebs.com,10160,147.76.178.241
425,Melli Pragnall,mpragnallbs@yahoo.com,20057,117.43.67.200
426,Pepillo Tidbury,ptidburybt@cloudflare.com,92645,18.161.79.126
427,Jeanie Hellsdon,jhellsdonbu@simplemachines.org,34629,106.34.153.8
428,Orlando Du Plantier,odubv@ucoz.com,97229,126.255.93.251
429,Rosamund Jouhan,rjouhanbw@behance.net,94042,26.77.116.191
430,Gillian St Clair,gstbx@pen.io,93715,233.235.57.1
431,Carol Baswall,cbaswallby@surveymonkey.com,53263,126.158.189.86
432,Farrand Fey,ffeybz@dagondesign.com,24009,187.5.60.49
433,Nevil Torbett,ntorbettc0@goo.gl,62705,215.152.124.123
434,Bondie Fine,bfinec1@census.gov,89193,94.185.91.37
435,Derby Dobrowolski,ddobrowolskic2@miibeian.gov.cn,27264,80.198.23.161
436,Phaidra Moy,pmoyc3@slideshare.net,43210,69.84.14.130
437,Paten Kaman,pkamanc4@reddit.com,60657,221.145.146.8
438,Carey Gibbins,cgibbinsc5@networksolutions.com,60657,28.221.111.44
439,Oswell Nare,onarec6@irs.gov,39282,137.239.113.6
440,Roderic Szymaniak,rszymaniakc7@51.la,23663,98.201.147.130
441,Kyle Joney,kjoneyc8@alexa.com,48604,242.49.98.122
442,Jacquenette Rosenberg,jrosenbergc9@discuz.net,56372,3.177.134.220
443,Beatrice Perkins,bperkinsca@ftc.gov,95113,107.62.76.52
444,Warren Coughlin,wcoughlincb@joomla.org,34282,105.198.110.113
445,Windham Thorne,wthornecc@diigo.com,75260,45.231.118.206
446,Hill Balcombe,hbalcombecd@acquirethisname.com,75062,33.44.81.110
447,Yvonne Shimony,yshimonyce@reuters.com,45249,63.126.237.101
448,Raphael Heare,rhearecf@livejournal.com,72905,21.174.171.239
449,Isabelle O' Gara,iocg@typepad.com,70149,67.34.95.167
450,Freedman Stobbs,fstobbsch@yandex.ru,25775,255.2.0.178
451,Joanie Fallawe,jfallaweci@princeton.edu,77288,247.2.207.117
452,Amelia Eacle,aeaclecj@list-manage.com,70179,25.35.163.5
453,Harper Billyard,hbillyardck@upenn.edu,89160,35.151.223.134
454,Codie Zanetto,czanettocl@tinyurl.com,93726,12.243.43.252
455,Dorolisa McComiskie,dmccomiskiecm@paypal.com,77281,86.114.35.164
456,Lauralee Kopelman,lkopelmancn@adobe.com,34665,243.70.14.135
457,Rossy McElory,rmceloryco@weibo.com,92844,205.170.169.240
458,Evelyn Treweke,etrewekecp@about.me,67210,58.241.203.73
459,Darelle Basill,dbasillcq@patch.com,19178,146.149.86.63
460,Dionisio Tembridge,dtembridgecr@illinois.edu,60663,109.252.11.187
461,Lloyd Raimbauld,lraimbauldcs@twitter.com,20420,75.200.16.121
462,Joella O'Hannen,johannenct@usnews.com,33158,94.145.141.27
463,Lesley Metterick,lmetterickcu@mit.edu,63143,12.174.32.226
464,Joseph Ducaen,jducaencv@wikipedia.org,44321,247.145.79.45
465,Mikkel Rothchild,mrothchildcw@cloudflare.com,33487,128.178.133.188
466,Connor Sanderson,csandersoncx@baidu.com,95205,207.97.182.40
467,Patton Bunton,pbuntoncy@scribd.com,73167,113.98.13.8
468,Tybalt Meynell,tmeynellcz@census.gov,32128,220.158.44.251
469,Catherina Sandars,csandarsd0@nydailynews.com,89115,241.19.252.16
470,Charlot Whimp,cwhimpd1@moonfruit.com,7112,105.169.138.88
471,Nobe Whitehall,nwhitehalld2@imageshack.us,10009,231.112.207.26
472,Ole Bastistini,obastistinid3@marketwatch.com,76205,96.171.53.52
473,Zacherie Stopher,zstopherd4@wsj.com,6152,55.73.216.55
474,Ethan Weddeburn,eweddeburnd5@php.net,47719,214.59.79.163
475,Elnar Gligoraci,egligoracid6@hao123.com,80243,10.1.78.70
476,Rolfe Fills,rfillsd7@ask.com,10004,243.200.112.57
477,Matilda Lundberg,mlundbergd8@japanpost.jp,53716,158.73.182.71
478,Francis Kinver,fkinverd9@multiply.com,46620,12.199.27.26
479,Dewie Synan,dsynanda@bloglovin.com,35805,199.1.41.132
480,Augustus Sturdgess,asturdgessdb@geocities.com,60609,43.154.185.154
481,Ileane Olensby,iolensbydc@google.es,20167,182.205.203.164
482,Tore Braunthal,tbraunthaldd@yahoo.com,92883,18.240.173.34
483,Corine Lau,claude@stumbleupon.com,46862,30.69.200.249
484,Rebeka Titterrell,rtitterrelldf@de.vu,85099,16.225.208.26
485,Ash Keppy,akeppydg@alexa.com,92668,223.154.51.59
486,Dylan Cabena,dcabenadh@samsung.com,93762,156.41.131.49
487,Janos Joder,jjoderdi@wikispaces.com,75799,113.214.168.241
488,Margaux Osband,mosbanddj@craigslist.org,19725,102.15.252.232
489,Ringo Gioan,rgioandk@odnoklassniki.ru,34642,146.42.125.90
490,Kasey Spellward,kspellwarddl@google.fr,35263,50.135.217.85
491,Othella Potts,opottsdm@imgur.com,28805,189.118.236.33
492,Peg Partkya,ppartkyadn@creativecommons.org,95205,108.34.140.146
493,Eugenio Giorgietto,egiorgiettodo@ocn.ne.jp,94250,149.60.243.85
494,Art Vandelay,bstreightdp@example.com,31605,12.199.156.2
495,Clywd Cudbird,ccudbirddq@tmall.com,98115,3.23.46.50
496,Davide Goodlife,dgoodlifedr@vk.com,30351,60.243.120.140
497,Cheslie Clewlow,cclewlowds@irs.gov,94291,40.118.7.115
498,Lynea Casoni,lcasonidt@altervista.org,10009,148.175.107.161
499,Reta Entres,rentresdu@npr.org,79405,231.237.2.194
500,Augie Barck,abarckdv@ucoz.ru,91131,135.88.169.155
501,Martica Esch,meschdw@xrea.com,20167,26.100.201.158
502,Bryn Sokale,bsokaledx@digg.com,12205,169.83.165.128
503,Micaela Latimer,mlatimerdy@washingtonpost.com,53263,32.173.236.238
504,Petunia Bortolini,pbortolinidz@slideshare.net,97240,110.205.157.96
505,Liana Le Grys,llee0@google.fr,76110,21.94.128.27
506,Coretta Addie,caddiee1@cbslocal.com,21281,59.8.154.189
507,Jessee Bann,jbanne2@ox.ac.uk,75210,237.201.18.41
508,Jillian de Wilde,jdee3@senate.gov,40293,51.152.74.220
509,Stephanie Haslin,shasline4@europa.eu,10705,186.197.232.133
510,Lilla Billion,lbillione5@irs.gov,20238,88.223.185.224
511,Rhona Garrie,rgarriee6@twitpic.com,90076,245.130.91.66
512,Neddie Alvaro,nalvaroe7@people.com.cn,87105,1.9.88.73
513,Dacy Stolting,dstoltinge8@scribd.com,48604,6.177.119.45
514,Catharine Stodit,cstodite9@posterous.com,79176,21.159.58.34
515,Alec Bragginton,abraggintonea@skyrock.com,30096,198.78.228.95
516,Zorina Done,zdoneeb@hatena.ne.jp,84120,102.244.78.206
517,Cull Clack,cclackec@sfgate.com,7112,214.114.201.192
518,Marlow McKie,mmckieed@blogtalkradio.com,68117,151.96.58.62
519,Pooh Puve,ppuveee@lulu.com,79945,208.119.201.216
520,Casi Duberry,cduberryef@com.com,31704,126.167.217.242
521,Gannie Denisot,gdenisoteg@slate.com,27690,8.251.157.204
522,Anallise Warlton,awarltoneh@miibeian.gov.cn,38197,127.132.104.57
523,Georgia Shambrooke,gshambrookeei@webnode.com,14683,173.145.77.9
524,Eran Ratnege,eratnegeej@linkedin.com,50320,146.211.204.87
525,Maisey Oxenbury,moxenburyek@auda.org.au,95123,45.52.166.20
526,Lilah Waleworke,lwaleworkeel@wordpress.com,20420,186.196.61.113
527,Ethelind Wolfit,ewolfitem@prnewswire.com,46857,153.85.68.181
528,Tyrus Batiste,tbatisteen@google.es,97240,51.170.110.138
529,Alastair Clarke,aclarkeeo@w3.org,73135,12.111.251.123
530,Golda Joberne,gjoberneep@who.int,58122,54.62.146.145
531,Kerry Sweeney,ksweeneyeq@hexun.com,70505,19.141.115.255
532,Marion Hughlock,mhughlocker@ca.gov,22111,142.66.89.8
533,Hurlee Orwell,horwelles@aboutads.info,28205,128.58.232.38
534,Loria Karlicek,lkarliceket@answers.com,33731,224.176.98.177
535,Maximilianus Govett,mgovetteu@lulu.com,15250,194.226.22.123
536,Jenny Ashborn,jashbornev@dot.gov,60630,239.88.29.14
537,Caroljean Gofton,cgoftonew@webnode.com,33994,235.86.118.108
538,Weston Yerson,wyersonex@theguardian.com,92013,18.60.158.88
539,Camel Evitt,cevittey@vistaprint.com,78265,54.70.204.251
540,Julieta Deboick,jdeboickez@who.int,44710,49.225.152.51
541,Vanessa Plowell,vplowellf0@bandcamp.com,73167,243.234.207.81
542,Reginauld Mickleborough,rmickleboroughf1@nydailynews.com,12247,150.182.219.121
543,Dorolice Gerritsma,dgerritsmaf2@amazonaws.com,53716,129.254.202.15
544,Mirilla Lambie,mlambief3@tuttocitta.it,48912,13.107.133.178
545,Malissa Reggiani,mreggianif4@wix.com,6705,49.225.7.155
546,Georgie Cowdrey,gcowdreyf5@wikia.com,34985,54.144.245.181
547,Wenona Gilcriest,wgilcriestf6@ft.com,8104,20.7.247.126
548,Eugenius Trusse,etrussef7@walmart.com,97271,223.254.42.241
549,Marje Sancraft,msancraftf8@furl.net,89160,145.179.174.3
550,Gothart Fewings,gfewingsf9@usa.gov,68117,38.16.131.191
551,Elsi Trippett,etrippettfa@sourceforge.net,55188,220.162.228.43
552,Pam Mansion,pmansionfb@bigcartel.com,18505,14.222.104.249
553,Alysa Greenan,agreenanfc@google.cn,67236,171.212.56.75
554,Dulciana Trafford,dtraffordfd@cocolog-nifty.com,74103,6.89.139.100
555,Doretta Earney,dearneyfe@nih.gov,23242,21.89.200.172
556,Georgeanna Blincoe,gblincoeff@acquirethisname.com,36689,224.175.240.103
557,Otto Collison,ocollisonfg@homestead.com,11205,237.106.136.48
558,Art Vandelay,bduvalfh@cpanel.net,85205,6.49.89.202
559,Orton Nowak,onowakfi@163.com,33982,194.153.49.73
560,Tricia Witt,twittfj@cornell.edu,10039,190.86.2.182
561,Nike Shearstone,nshearstonefk@last.fm,78737,227.223.102.77
562,Lenee Chaston,lchastonfl@edublogs.org,45020,212.208.85.100
563,Abelard Parriss,aparrissfm@wikimedia.org,76905,75.38.70.112
564,Benny Buckbee,bbuckbeefn@yahoo.com,33129,49.80.195.115
565,Elmore Crinson,ecrinsonfo@devhub.com,19805,121.12.215.88
566,Enrico Keynd,ekeyndfp@github.io,55572,148.35.211.134
567,Beth Orteaux,borteauxfq@linkedin.com,34643,236.226.216.198
568,Gwendolyn Keningley,gkeningleyfr@vkontakte.ru,14614,15.156.100.46
569,Vanya Twining,vtwiningfs@globo.com,17126,177.173.89.209
570,Estrella Popple,epoppleft@cnet.com,94042,15.228.29.207
571,Major Golledge,mgolledgefu@discuz.net,85284,104.146.188.115
572,Tamarah Garlee,tgarleefv@baidu.com,48604,115.63.14.25
573,Ana Bygreaves,abygreavesfw@delicious.com,55590,255.157.112.50
574,Agretha Morat,amoratfx@homestead.com,93305,118.53.176.119
575,Catharina Mullinder,cmullinderfy@adobe.com,32314,38.62.182.151
576,Jerrilee Farre,jfarrefz@thetimes.co.uk,30096,5.92.210.18
577,Kenyon Queyos,kqueyosg0@barnesandnoble.com,72209,160.112.129.100
578,Ilysa Pash,ipashg1@aol.com,70149,185.17.145.218
579,Howard O'Sherrin,hosherring2@drupal.org,80930,122.174.124.108
580,Elonore Lancley,elancleyg3@china.com.cn,92132,13.55.74.144
581,Marylynne Pitcaithley,mpitcaithleyg4@amazon.com,15240,142.206.186.219
582,Jewell Stubbin,jstubbing5@privacy.gov.au,60567,185.126.175.138
583,Ester Beccera,ebeccerag6@de.vu,43231,138.248.236.177
584,Davidde O'Doireidh,dodoireidhg7@friendfeed.com,90055,216.93.218.54
585,Nollie Straker,nstrakerg8@php.net,65211,13.188.129.3
586,Correy Winpenny,cwinpennyg9@liveinternet.ru,14609,247.86.55.158
587,Oneida Longcaster,olongcasterga@zimbio.com,55458,167.85.209.66
588,Andria Tailby,atailbygb@hhs.gov,73124,253.172.47.103
589,Everard Fishbourne,efishbournegc@last.fm,33680,89.150.151.141
590,Lannie Gookes,lgookesgd@nature.com,20051,160.192.86.247
591,Darice Rego,dregoge@shutterfly.com,76711,44.155.116.49
592,Nessy Chopping,nchoppinggf@pbs.org,72204,142.92.87.133
593,Gayle Inkle,ginklegg@deliciousdays.com,75265,124.73.236.63
594,Abbi Leopard,aleopardgh@usa.gov,37939,11.101.117.190
595,Clim Dryburgh,cdryburghgi@webmd.com,94159,233.154.159.172
596,Phedra Cardenosa,pcardenosagj@youtube.com,85072,250.78.193.109
597,Minnnie Waleworke,mwaleworkegk@bigcartel.com,40205,97.132.83.139
598,Yorgos Roubottom,yroubottomgl@furl.net,65898,120.62.34.49
599,Emerson Filippov,efilippovgm@vistaprint.com,93715,160.116.208.62
600,Shalna Skett,sskettgn@cocolog-nifty.com,11499,139.74.136.80
601,Art Vandelay,acastgo@hibu.com,19172,67.199.13.170
602,Uriah Pactat,upactatgp@istockphoto.com,33158,253.187.51.162
603,Andonis Pietron,apietrongq@ed.gov,22908,223.129.200.138
604,Alfredo Friese,afriesegr@opera.com,37245,232.62.87.26
605,Adham Sogg,asogggs@timesonline.co.uk,87105,169.202.147.149
606,Kennedy Dyott,kdyottgt@pcworld.com,84605,235.145.48.117
607,Normand Kembery,nkemberygu@sciencedaily.com,80305,241.249.186.198
608,Jozef Caplan,jcaplangv@tinypic.com,98104,190.224.239.83
609,Meriel Shafe,mshafegw@is.gd,36670,130.139.63.200
610,Perl Drysdall,pdrysdallgx@lulu.com,94807,171.6.185.244
611,Lauren Boother,lboothergy@chronoengine.com,80935,57.183.59.55
612,Owen Quirke,oquirkegz@admin.ch,53263,115.120.152.188
613,Aksel Dawby,adawbyh0@netscape.com,53263,107.242.19.120
614,Lev Saggs,lsaggsh1@mlb.com,44321,213.203.187.207
615,Odelia Hitscher,ohitscherh2@storify.com,11247,59.1.111.94
616,Gennifer Vossing,gvossingh3@ed.gov,27635,74.174.162.247
617,Loydie Outridge,loutridgeh4@buzzfeed.com,23242,31.82.113.205
618,Holli Beacon,hbeaconh5@people.com.cn,37914,165.204.193.4
619,Heidi Gilligan,hgilliganh6@cam.ac.uk,74103,23.145.218.244
620,Taryn Geddes,tgeddesh7@geocities.jp,23289,251.189.68.138
621,Sawyer Melding,smeldingh8@yelp.com,93106,182.155.89.110
622,Molli Meddick,mmeddickh9@multiply.com,87105,19.218.84.245
623,Dion Poznanski,dpoznanskiha@networkadvertising.org,93762,255.71.126.195
624,Clayborn Robertsen,crobertsenhb@cam.ac.uk,22217,141.226.78.91
625,Ella Hayzer,ehayzerhc@jigsy.com,98158,85.129.214.20
626,Guenevere Puig,gpuighd@rediff.com,23605,8.197.156.184
627,Maren Marvell,mmarvellhe@ebay.co.uk,66205,251.104.20.124
628,Elena Luberto,elubertohf@wikimedia.org,73129,181.186.134.228
629,Hildegaard Schoular,hschoularhg@stanford.edu,34629,18.239.110.101
630,Octavius Sturte,osturtehh@etsy.com,22908,116.100.83.88
631,Gisele Buske,gbuskehi@hibu.com,19892,89.87.17.86
632,Millisent Conws,mconwshj@infoseek.co.jp,7522,141.249.114.87
633,Jerri Lujan,jlujanhk@i2i.jp,31704,244.181.11.249
634,Genna Walder,gwalderhl@shinystat.com,32941,27.203.40.148
635,Homere Mc Combe,hmchm@temp_email.com,10170,136.237.251.58
636,Myrilla Joanic,mjoanichn@bbb.org,90305,179.11.236.68
637,Jerrome Lunbech,jlunbechho@linkedin.com,95064,137.163.176.41
638,Marcia Rissom,mrissomhp@bing.com,32255,81.206.216.41
639,Merv Glendzer,mglendzerhq@independent.co.uk,10045,246.130.230.174
640,Eula Hunting,ehuntinghr@tuttocitta.it,89155,119.207.184.17
641,Giraud Bremner,gbremnerhs@craigslist.org,64187,138.195.179.194
642,Dominique Tessyman,dtessymanht@cdc.gov,98104,139.89.183.189
643,Maria Tallowin,mtallowinhu@virginia.edu,77234,199.42.246.14
644,Kellsie Coyne,kcoynehv@unblog.fr,39534,118.64.177.228
645,Jacklin Barr,jbarrhw@phoca.cz,95973,38.190.54.179
646,Chandal Comberbeach,ccomberbeachhx@amazon.com,25336,100.250.23.226
647,Carlo Binnes,cbinneshy@slashdot.org,63131,181.58.241.124
648,Gawain Janout,gjanouthz@howstuffworks.com,61635,247.26.11.226
649,Erwin Coyett,ecoyetti0@state.gov,10459,91.161.152.73
650,Marsiella Buckenhill,mbuckenhilli1@ocn.ne.jp,31605,249.40.247.133
651,Danica Abramcik,dabramciki2@google.de,8104,116.196.79.231
652,Gasparo Woolliams,gwoolliamsi3@umn.edu,33805,242.156.164.199
653,Brockie Labes,blabesi4@nhs.uk,78410,224.85.183.34
654,Noby Irvine,nirvinei5@flavors.me,19191,154.48.248.220
655,Jody Oakshott,joakshotti6@sphinn.com,15266,196.10.80.209
656,Davidson Dimitrov,ddimitrovi7@hibu.com,95405,254.18.233.46
657,Vonny Handrik,vhandriki8@usa.gov,66225,136.220.242.52
658,Pietro Dilland,pdillandi9@dropbox.com,48242,86.86.46.92
659,Art Vandelay,maimableia@hhs.gov,78410,128.250.201.165
660,Saleem Eschalette,seschaletteib@foxnews.com,56372,21.1.60.130
661,Esmaria Yakobovicz,eyakoboviczic@unblog.fr,94042,115.88.132.117
662,Lev Farherty,lfarhertyid@twitpic.com,94627,79.217.130.255
663,Jonah Sor,jsorie@networksolutions.com,10060,209.232.21.69
664,Hogan Rens,hrensif@samsung.com,40524,140.187.180.53
665,Mildrid Mion,mmionig@g.co,79934,13.96.70.225
666,Janet Wankel,jwankelih@psu.edu,23514,208.166.22.56
667,Cristie MacDunleavy,cmacdunleavyii@deliciousdays.com,85743,61.42.74.209
668,Carolyn Bucknall,cbucknallij@amazon.de,14614,194.28.85.77
669,Alasdair Elwel,aelwelik@dailymotion.com,55579,141.65.186.91
670,Van Dunstan,vdunstanil@unc.edu,72905,77.53.251.42
671,Devina Fitzmaurice,dfitzmauriceim@hibu.com,68117,129.59.164.202
672,Johnathan Brilleman,jbrillemanin@tinypic.com,8922,120.66.58.128
673,Carmelle Delany,cdelanyio@ebay.co.uk,65211,138.69.58.198
674,Bank Simes,bsimesip@chron.com,75387,156.252.225.4
675,Nikki Mulberry,nmulberryiq@berkeley.edu,38161,50.4.128.91
676,Fran Sibbert,fsibbertir@rakuten.co.jp,60435,91.120.205.208
677,Derrick Doorly,ddoorlyis@squidoo.com,28410,53.255.191.139
678,April Works,aworksit@google.es,43220,168.180.131.74
679,Fayina Ternent,fternentiu@pinterest.com,65105,217.42.29.23
680,Margot Silverson,msilversoniv@china.com.cn,98464,240.181.173.71
681,Tabor Haversum,thaversumiw@army.mil,80217,32.70.211.57
682,Romain Gilffillan,rgilffillanix@ibm.com,85205,201.72.106.103
683,Gaylord Lally,glallyiy@behance.net,90410,78.111.189.59
684,Reynolds Wyke,rwykeiz@mapy.cz,92648,79.242.38.31
685,Conan Jovicevic,cjovicevicj0@youtube.com,32868,225.248.228.162
686,Laurella McClay,lmcclayj1@hexun.com,43666,180.165.136.189
687,Agosto Jacob,ajacobj2@noaa.gov,6705,112.100.50.30
688,Ransell Chitty,rchittyj3@joomla.org,50981,25.48.167.144
689,Blinnie Clifforth,bclifforthj4@businesswire.com,79491,251.204.89.80
690,Heindrick Winspire,hwinspirej5@cnet.com,80150,68.245.192.222
691,Blithe Grise,bgrisej6@hc360.com,24009,121.116.68.70
692,Donia Comino,dcominoj7@bloglines.com,32605,106.194.54.136
693,Farlie Pereira,fpereiraj8@icq.com,98682,57.103.17.66
694,Clyve De Bernardi,cdej9@wiley.com,71307,46.55.14.73
695,Riley Lamba,rlambaja@prnewswire.com,33499,136.116.179.146
696,Amye Ambrus,aambrusjb@pcworld.com,33436,0.103.14.19
697,Sherwynd Greest,sgreestjc@wix.com,21281,43.208.194.205
698,Valencia Amer,vamerjd@pinterest.com,33884,168.175.24.60
699,Maurizio Chisholme,mchisholmeje@yahoo.co.jp,90005,233.209.105.56
700,Jocelyn Petrolli,jpetrollijf@dailymail.co.uk,11205,162.226.242.8
701,Web Garcia,wgarciajg@telegraph.co.uk,62705,24.222.13.82
702,Dalis Adel,dadeljh@twitpic.com,66276,93.128.235.149
703,Stanleigh Kidston,skidstonji@cbslocal.com,52245,17.43.57.91
704,Aidan Jeenes,ajeenesjj@altervista.org,28210,72.22.100.209
705,Doralia McIlroy,dmcilroyjk@elegantthemes.com,75205,75.206.192.227
706,Betsey Glasscock,bglasscockjl@nsw.gov.au,61110,44.171.98.41
707,Xylina Concklin,xconcklinjm@wsj.com,10175,126.242.58.3
708,Claire Rheubottom,crheubottomjn@ezinearticles.com,32825,169.66.220.186
709,Grove Strutton,gstruttonjo@aboutads.info,31410,165.227.65.208
710,Erin Dayment,edaymentjp@printfriendly.com,83732,19.224.142.60
711,Kerry Huckel,khuckeljq@economist.com,21275,193.42.103.221
712,Niki De Minico,ndejr@rambler.ru,6510,76.77.159.192
713,Francesco Lakey,flakeyjs@lulu.com,40515,76.84.219.163
714,Moll Taylorson,mtaylorsonjt@cargocollective.com,71105,162.46.76.58
715,Julissa Loker,jlokerju@nps.gov,65110,144.216.208.148
716,Jaquenette Lindeman,jlindemanjv@opensource.org,31422,50.2.18.235
717,Abbott Beeke,abeekejw@dyndns.org,98175,89.238.37.227
718,Violetta Duck,vduckjx@toplist.cz,27415,130.181.155.84
719,Ardath Stores,astoresjy@weebly.com,95852,219.209.136.236
720,Brander Saul,bsauljz@wordpress.org,48604,90.191.18.238
721,Slade Van Geffen,svank0@tripod.com,30089,218.246.101.137
722,Putnem Brunnstein,pbrunnsteink1@hao123.com,55905,251.41.32.16
723,Basile Sauniere,bsaunierek2@mapquest.com,11254,120.154.30.124
724,Daniel Gregg,dgreggk3@amazonaws.com,92844,59.23.34.249
725,Toby Fincher,tfincherk4@phpbb.com,8695,33.117.114.72
726,Julietta Rosnau,jrosnauk5@comcast.net,40293,56.52.217.230
727,Jocelyne Gwyneth,jgwynethk6@umn.edu,95194,65.212.54.79
728,Ernesta Northrop,enorthropk7@arizona.edu,21405,96.212.28.99
729,Kerianne Lesurf,klesurfk8@ucla.edu,91103,138.75.78.39
730,Janey Tapscott,jtapscottk9@tumblr.com,68117,66.90.174.112
731,Leanna Peare,lpeareka@51.la,20910,238.171.98.137
732,Lia Gorioli,lgoriolikb@symantec.com,37605,143.8.101.173
733,Hill Fishby,hfishbykc@list-manage.com,85030,69.135.58.191
734,Bevon Von Brook,bvonkd@theguardian.com,16550,164.98.137.184
735,Wade Mungan,wmunganke@behance.net,65110,37.61.57.196
736,Letta Vittel,lvittelkf@behance.net,34745,0.182.99.118
737,Matelda McKibben,mmckibbenkg@devhub.com,79705,37.100.70.202
738,Gris Tuffley,gtuffleykh@gravatar.com,89714,57.207.119.187
739,Salmon Duiguid,sduiguidki@timesonline.co.uk,31704,4.239.60.12
740,Lemmie Ogglebie,logglebiekj@indiegogo.com,52245,167.94.167.53
741,Brit Hayfield,bhayfieldkk@odnoklassniki.ru,30061,144.49.88.109
742,Fiann Innis,finniskl@sciencedirect.com,23605,121.150.174.115
743,Barrie Webborn,bwebbornkm@nyu.edu,27409,46.61.157.166
744,Hazel Bloxsome,hbloxsomekn@pen.io,76110,43.176.221.131
745,Bambie Loding,blodingko@merriam-webster.com,36670,195.171.222.251
746,Gabriell Maron,gmaronkp@wp.com,20310,26.13.155.12
747,Caesar Stark,cstarkkq@amazon.co.jp,91103,86.128.90.55
748,Marlena Stopford,mstopfordkr@xrea.com,17110,116.209.50.86
749,Gigi Pizer,gpizerks@washington.edu,55564,110.245.72.203
750,Mycah Braxay,mbraxaykt@samsung.com,10009,64.16.207.61
751,Keriann Eburah,keburahku@discuz.net,95405,48.5.203.226
752,Archibaldo Starking,astarkingkv@wikispaces.com,19191,31.216.59.170
753,Ethelred Britcher,ebritcherkw@etsy.com,71213,153.30.125.157
754,Raf Di Boldi,rdikx@about.me,77075,36.79.178.163
755,Brent Eskrigg,beskriggky@google.com.hk,55573,241.124.11.21
756,Josephine Bullivant,jbullivantkz@github.com,21405,96.100.160.119
757,Manny Virgo,mvirgol0@is.gd,33499,89.36.214.51
758,Lanny Atherton,lathertonl1@trellian.com,97229,46.246.233.247
759,Trace MacCambridge,tmaccambridgel2@oakley.com,90035,253.72.103.30
760,Charis Wiley,cwileyl3@paginegialle.it,32277,163.163.5.207
761,Bill Brameld,bbrameldl4@google.com.au,37924,181.209.33.214
762,Guglielma Stother,gstotherl5@yale.edu,98148,47.241.189.43
763,Anallise Montford,amontfordl6@trellian.com,85062,37.60.140.137
764,Celene Blazek,cblazekl7@bloglovin.com,77065,28.34.175.108
765,Perl Walburn,pwalburnl8@army.mil,93094,252.33.165.188
766,Milton Openshaw,mopenshawl9@gmpg.org,79176,188.193.175.116
767,Heda Biskupek,hbiskupekla@springer.com,37205,14.157.97.210
768,Shirlene Eyes,seyeslb@seesaa.net,80930,78.11.59.55
769,Issy Safont,isafontlc@prlog.org,43605,146.73.28.192
770,Gustavo Skirving,gskirvingld@wix.com,92662,201.94.45.185
771,Luz Rivallant,lrivallantle@google.com.au,78410,9.137.151.193
772,Ralina Darrigrand,rdarrigrandlf@chicagotribune.com,53205,163.51.220.208
773,Lotti Fulleylove,lfulleylovelg@senate.gov,36689,133.87.53.133
774,Krista Wimpeney,kwimpeneylh@feedburner.com,68164,154.201.189.246
775,Ikey Airton,iairtonli@tripod.com,44105,33.114.209.40
776,Kally Gregr,kgregrlj@msu.edu,11044,83.39.127.124
777,Marj McAndrew,mmcandrewlk@illinois.edu,78732,209.23.53.159
778,Sherwood Fessions,sfessionsll@temp_email.com,43656,55.40.158.114
779,Daniela Lorenzo,dlorenzolm@jimdo.com,73129,209.196.92.182
780,Sal Pignon,spignonln@simplemachines.org,98506,40.86.120.38
781,Burnard Cannaway,bcannawaylo@mac.com,70183,161.244.193.183
782,Lexy Colville,lcolvillelp@ezinearticles.com,77293,139.172.102.40
783,Luce Eilhermann,leilhermannlq@uiuc.edu,71151,202.164.7.157
784,Manda Sore,msorelr@ibm.com,33884,178.254.203.166
785,Scarface Daltrey,sdaltreyls@cocolog-nifty.com,88574,12.56.29.244
786,Claribel Balassa,cbalassalt@rambler.ru,97211,98.135.44.200
787,Katya Jesper,kjesperlu@blogspot.com,63169,182.175.65.41
788,Fowler Leverage,fleveragelv@bbc.co.uk,55480,93.174.245.229
789,Koral McKissack,kmckissacklw@people.com.cn,89193,219.247.108.77
790,Etienne Keatley,ekeatleylx@usgs.gov,45213,188.17.182.61
791,Oswell Audus,oaudusly@cloudflare.com,27150,148.253.13.178
792,Nari Blackly,nblacklylz@typepad.com,72118,189.141.17.136
793,Urbain Loghan,uloghanm0@mlb.com,33233,87.193.158.111
794,Jeddy Hammerberger,jhammerbergerm1@accuweather.com,85271,211.150.95.208
795,Rafaelia Thomasset,rthomassetm2@ca.gov,66105,223.86.153.28
796,Essa Pinwell,epinwellm3@scribd.com,8922,56.170.234.223
797,Mead Surphliss,msurphlissm4@edublogs.org,97075,145.254.190.105
798,Haley Sunner,hsunnerm5@abc.net.au,56372,79.155.50.89
799,Claudio Cushe,ccushem6@csmonitor.com,17110,144.6.191.31
800,Krishnah Borthwick,kborthwickm7@ezinearticles.com,35815,128.126.220.16
801,Lothaire Baston,lbastonm8@nasa.gov,53726,196.178.20.204
802,Wallace Fishly,wfishlym9@netscape.com,43605,119.2.173.166
803,Annadiana Tadd,ataddma@nymag.com,20535,239.219.186.109
804,Alvie Giacopelo,agiacopelomb@spotify.com,34745,88.54.78.190
805,Gregor Buzin,gbuzinmc@about.me,89155,172.90.230.199
806,Conn Willes,cwillesmd@angelfire.com,32236,20.210.138.97
807,Sunshine Colleford,scollefordme@flickr.com,80204,142.255.22.115
808,Amara McGinlay,amcginlaymf@bing.com,28815,116.77.145.17
809,Cass Gillian,cgillianmg@chicagotribune.com,95852,40.238.238.34
810,Dorena Skunes,dskunesmh@meetup.com,25331,76.59.60.0
811,Alexina Fevers,afeversmi@jalbum.net,73135,30.125.161.194
812,Kesley Pattesall,kpattesallmj@auda.org.au,10184,68.237.253.138
813,Ed Minchinden,eminchindenmk@google.com.br,92825,10.84.225.46
814,Goldi Goodee,ggoodeeml@samsung.com,22212,8.250.140.90
815,Zack Redwing,zredwingmm@scientificamerican.com,80915,214.218.21.129
816,Alverta Gymlett,agymlettmn@blog.com,95194,159.143.42.12
817,Chuck Ibbett,cibbettmo@ezinearticles.com,8104,153.54.164.20
818,Malissa Nickoll,mnickollmp@cbsnews.com,44485,179.97.20.152
819,Meryl MacGarrity,mmacgarritymq@meetup.com,20310,176.9.207.69
820,Sybil Kopf,skopfmr@abc.net.au,6816,37.92.128.129
821,Deck Lornsen,dlornsenms@yellowpages.com,10459,113.218.122.43
822,Camala Tallet,ctalletmt@live.com,38161,114.139.114.208
823,Janenna Baldrey,jbaldreymu@soup.io,23237,93.130.22.143
824,Johann Shallow,jshallowmv@cbsnews.com,24034,220.156.198.143
825,Art Vandelay,nmcnicklemw@springer.com,31605,207.136.31.39
826,Phillipe Treacher,ptreachermx@census.gov,29905,254.12.57.154
827,Honoria Mandrey,hmandreymy@usda.gov,33805,225.162.215.159
828,Sheilah Klewer,sklewermz@psu.edu,14683,160.242.82.139
829,Arlinda Halse,ahalsen0@amazon.com,16505,89.218.205.48
830,Augustus Mowbury,amowburyn1@hibu.com,10170,151.250.205.109
831,Dorry Gipp,dgippn2@businessweek.com,97229,84.61.222.150
832,Caesar Dodworth,cdodworthn3@ibm.com,18706,107.30.120.79
833,Lucina Siege,lsiegen4@unc.edu,33129,150.131.120.106
834,Tasia Chominski,tchominskin5@trellian.com,94121,142.147.59.41
835,Levi Rydings,lrydingsn6@wiley.com,80150,163.46.148.89
836,Rycca Tefft,rtefftn7@un.org,84409,74.13.22.67
837,Lyn Ewebank,lewebankn8@businessweek.com,29215,104.190.117.40
838,Dru Douty,ddoutyn9@pbs.org,32885,251.207.152.157
839,Nels Lissaman,nlissamanna@blinklist.com,34102,162.199.88.245
840,Kiersten Aitchison,kaitchisonnb@homestead.com,28230,8.44.251.162
841,Kristina Benitez,kbeniteznc@sciencedaily.com,70174,107.47.11.255
842,Bellina Tibald,btibaldnd@temp_email.com,94273,237.254.186.29
843,Jed Coate,jcoatene@hud.gov,10131,146.38.188.159
844,Margalit MacCague,mmaccaguenf@mysql.com,85025,99.161.126.19
845,Waylen Willmett,wwillmettng@is.gd,20470,98.201.30.180
846,Laurene Bittlestone,lbittlestonenh@earthlink.net,77085,165.97.19.82
847,Josepha Walkowski,jwalkowskini@typepad.com,76705,160.118.174.114
848,Codi Jewsbury,cjewsburynj@naver.com,83732,169.206.120.153
849,Bar Libbis,blibbisnk@nba.com,22205,96.219.11.9
850,Launce Joslyn,ljoslynnl@npr.org,77075,86.1.187.212
851,Nisse Simnor,nsimnornm@nymag.com,20088,173.55.242.27
852,Faunie Daintry,fdaintrynn@elpais.com,94913,157.7.67.90
853,Kellsie Goldes,kgoldesno@oracle.com,76210,116.150.81.100
854,Patrica Berrycloth,pberryclothnp@networksolutions.com,32605,24.198.138.12
855,Cody Marcone,cmarconenq@csmonitor.com,75062,173.6.196.181
856,Dieter Feek,dfeeknr@blogger.com,2162,86.199.102.96
857,Elisabetta Iglesia,eiglesians@163.com,36104,155.168.18.237
858,Garv Roantree,groantreent@economist.com,94250,241.185.215.108
859,Abbie Izkoveski,aizkoveskinu@ycombinator.com,79491,62.137.220.23
860,Kaleena Pindar,kpindarnv@w3.org,22301,218.110.97.230
861,Sheri Artrick,sartricknw@clickbank.net,60674,35.194.85.135
862,Kinsley Wehnerr,kwehnerrnx@shareasale.com,75236,187.64.65.131
863,Jo Dumbrill,jdumbrillny@ucsd.edu,63143,117.168.105.136
864,Linn Bourgour,lbourgournz@columbia.edu,80241,112.203.239.143
865,Felic Ransbury,fransburyo0@discuz.net,39216,76.10.46.220
866,Garrik de Marco,gdeo1@techcrunch.com,73142,195.159.246.140
867,Meara Gisburn,mgisburno2@illinois.edu,85732,250.128.158.22
868,Gilberta Pulford,gpulfordo3@fc2.com,18505,1.183.92.150
869,Candra Sego,csegoo4@desdev.cn,94297,87.156.231.78
870,Sula Squibe,ssquibeo5@mapy.cz,6912,94.100.90.65
871,Charlene Vurley,cvurleyo6@ucla.edu,6905,81.155.123.19
872,Chen Kirkbride,ckirkbrideo7@1688.com,40205,144.77.58.145
873,Peggy Scholfield,pscholfieldo8@google.fr,32204,127.108.61.135
874,Byran Yeliashev,byeliashevo9@sogou.com,70187,253.250.232.77
875,Marcello Brend,mbrendoa@seesaa.net,93584,2.3.229.155
876,Anthony Instrell,ainstrellob@virginia.edu,89436,136.84.46.178
877,Ruperto Lewsey,rlewseyoc@ow.ly,29505,96.112.157.78
878,Sergio Tortoishell,stortoishellod@yellowpages.com,19172,212.36.34.139
879,Ailina Chart,achartoe@seattletimes.com,38150,96.199.80.40
880,Olva Halliberton,ohallibertonof@unesco.org,45264,42.234.184.216
881,Elyn Lamkin,elamkinog@mapquest.com,52405,221.70.249.51
882,Ricca Maso,rmasooh@moonfruit.com,79934,0.101.191.97
883,Britta Durdle,bdurdleoi@blogs.com,97296,132.20.112.194
884,Gabbie Annott,gannottoj@google.es,88514,42.178.184.14
885,Ave Bulfit,abulfitok@whitehouse.gov,98008,194.213.50.81
886,Emmey Hirschmann,ehirschmannol@dailymail.co.uk,37220,123.33.217.210
887,Ray Buye,rbuyeom@trellian.com,7104,76.89.103.112
888,Chrisse Boughey,cbougheyon@accuweather.com,22212,135.76.124.10
889,Jonah Attersoll,jattersolloo@amazon.co.jp,75185,185.31.221.90
890,Darryl Vooght,dvooghtop@free.fr,31914,148.90.7.70
891,Kip Gosz,kgoszoq@drupal.org,19805,86.193.73.205
892,Catharina Antonacci,cantonaccior@ameblo.jp,35215,198.4.174.152
893,Mohandas Shale,mshaleos@webnode.com,75397,204.214.125.237
894,Elsi Husk,ehuskot@plala.or.jp,55480,4.58.109.244
895,Konstantin Mouth,kmouthou@liveinternet.ru,11254,84.206.1.49
896,Livvyy Skarman,lskarmanov@1und1.de,14614,148.32.177.215
897,Zacharie Walbrun,zwalbrunow@ucsd.edu,94273,245.255.35.47
898,Cobby Spinozzi,cspinozziox@yolasite.com,91199,65.71.26.40
899,Dorotea Lawther,dlawtheroy@privacy.gov.au,71151,124.243.141.110
900,Chev MacLardie,cmaclardieoz@cloudflare.com,46620,164.103.69.171
901,Rosanne Mion,rmionp0@ebay.com,20016,56.205.1.255
902,Durant Grindle,dgrindlep1@ibm.com,90398,138.184.13.27
903,Lloyd Southeran,lsoutheranp2@tuttocitta.it,20784,41.49.57.146
904,Valentijn Prendergrass,vprendergrassp3@usnews.com,95818,251.182.231.122
905,Clemente Fretson,cfretsonp4@oakley.com,70187,140.192.15.50
906,Lexi Campey,lcampeyp5@homestead.com,66105,33.230.240.89
907,Ezmeralda Kapelhof,ekapelhofp6@example.com,33064,98.4.128.253
908,Lindsey Roubeix,lroubeixp7@fotki.com,37245,2.9.5.96
909,Gaelan Kyme,gkymep8@free.fr,87140,231.31.135.54
910,Chanda Merkel,cmerkelp9@zdnet.com,32128,118.180.170.154
911,Jedd McConville,jmcconvillepa@ox.ac.uk,44315,93.190.59.11
912,Mario Millott,mmillottpb@topsy.com,30033,58.79.84.45
913,Cassy Lesley,clesleypc@nature.com,60614,105.65.216.141
914,Loraine Grimestone,lgrimestonepd@qq.com,20436,107.105.209.39
915,Raffaello Kingswood,rkingswoodpe@ycombinator.com,79165,172.155.141.254
916,Addy Rouchy,arouchypf@theatlantic.com,34665,182.148.65.175
917,Roberto Truckell,rtruckellpg@networkadvertising.org,23272,158.197.172.127
918,Shell Beche,sbecheph@yahoo.co.jp,20784,39.10.223.186
919,Stacey Chrisp,schrisppi@java.com,80262,214.55.70.54
920,Inge Knowlys,iknowlyspj@dmoz.org,98447,171.12.207.12
921,Maxie Dallman,mdallmanpk@noaa.gov,80920,62.140.6.169
922,Trista Dubique,tdubiquepl@msu.edu,59112,137.121.187.199
923,Rosemonde Franks,rfrankspm@intel.com,45249,171.13.106.165
924,Jordana Brettor,jbrettorpn@networksolutions.com,16522,204.22.21.228
925,Briano Beetham,bbeethampo@pbs.org,27499,191.212.205.104
926,Adaline Garces,agarcespp@bandcamp.com,70894,148.103.113.91
927,Angelico Bunny,abunnypq@geocities.com,23612,29.93.79.216
928,Legra Cattrall,lcattrallpr@reuters.com,1105,188.142.63.189
929,Brandi Lieb,bliebps@1und1.de,10270,118.214.219.214
930,Winna Cranmor,wcranmorpt@icio.us,94159,197.165.25.13
931,Tully Screach,tscreachpu@123-reg.co.uk,89436,254.135.14.182
932,Tanney MacArthur,tmacarthurpv@goo.ne.jp,32595,180.105.206.207
933,Brandy Lachaize,blachaizepw@xrea.com,40510,153.109.22.48
934,Art Vandelay,aiacomopx@ed.gov,51105,146.94.235.57
935,Cathrin Border,cborderpy@miibeian.gov.cn,18505,235.62.228.130
936,Dahlia Stobbs,dstobbspz@cyberchimps.com,41905,56.245.233.145
937,Stearn Caseborne,scaseborneq0@skype.com,32627,135.190.41.3
938,Daveta Wordsley,dwordsleyq1@clickbank.net,22313,74.148.210.237
939,Romona Netley,rnetleyq2@webnode.com,88525,132.211.201.188
940,Pammi Palmby,ppalmbyq3@booking.com,30045,209.254.211.249
941,Fern Drillingcourt,fdrillingcourtq4@ibm.com,87592,89.221.46.137
942,Serena Raffin,sraffinq5@github.io,66276,114.204.34.27
943,Alia Yvon,ayvonq6@infoseek.co.jp,85743,167.161.164.49
944,Aristotle Bellis,abellisq7@facebook.com,76115,151.231.112.48
945,Krystal Blaker,kblakerq8@geocities.com,40293,210.160.228.100
946,Nydia Throssell,nthrossellq9@theglobeandmail.com,23237,156.27.148.49
947,Sterne Benning,sbenningqa@friendfeed.com,31998,120.171.68.150
948,Dani Maydwell,dmaydwellqb@blogtalkradio.com,33982,55.13.202.35
949,Roselia Cutsforth,rcutsforthqc@ihg.com,75372,83.130.205.28
950,Chucho Mulder,cmulderqd@purevolume.com,24009,11.163.248.198
951,Horatius Koomar,hkoomarqe@so-net.ne.jp,22096,213.211.173.19
952,Justen Lippatt,jlippattqf@bloglovin.com,27404,102.97.239.243
953,Lorene Weblin,lweblinqg@etsy.com,33982,154.60.62.202
954,Bridgette de Almeida,bdeqh@fotki.com,20530,156.62.194.202
955,Pennie Maudson,pmaudsonqi@exblog.jp,37240,210.137.77.115
956,Monte Freiberg,mfreibergqj@blogtalkradio.com,57105,77.64.187.61
957,Georgy Becks,gbecksqk@ucla.edu,66611,165.194.226.159
958,Mahmoud Gorry,mgorryql@simplemachines.org,47134,32.239.244.43
959,Delmar McKenny,dmckennyqm@uol.com.br,78285,170.90.51.135
960,Tracie Pescott,tpescottqn@discovery.com,93305,172.65.149.150
961,Sal Gartland,sgartlandqo@sphinn.com,68117,177.191.48.237
962,Sylvia Pesic,spesicqp@google.it,49518,10.1.2.3
963,Samaria Seldner,sseldnerqq@bizjournals.com,55188,167.177.97.66
964,Zebulon Kennerley,zkennerleyqr@topsy.com,14276,205.79.240.199
965,Marsha Lesslie,mlesslieqs@skype.com,76598,166.27.178.199
966,Manolo Orr,morrqt@quantcast.com,1105,181.97.102.151
967,Jeannie Linton,jlintonqu@myspace.com,92415,2.156.24.13
968,Klarika Benza,kbenzaqv@list-manage.com,20051,244.77.66.160
969,Ernie Levermore,elevermoreqw@cocolog-nifty.com,20252,53.132.56.248
970,Cesare Muro,cmuroqx@nsw.gov.au,6912,231.189.112.50
971,Ermentrude Ruperto,erupertoqy@economist.com,73167,123.25.146.58
972,Brion Halwell,bhalwellqz@nhs.uk,80150,178.0.237.194
973,Lettie McCathie,lmccathier0@google.de,93584,83.248.244.119
974,Jake Mickelwright,jmickelwrightr1@shutterfly.com,30343,110.39.63.78
975,Kerry Oppery,kopperyr2@artisteer.com,94627,87.173.81.229
976,Osbourne Rylance,orylancer3@guardian.co.uk,35487,139.166.204.134
977,Abbe Grgic,agrgicr4@mtv.com,70894,58.176.187.56
978,Chancey Izkovitz,cizkovitzr5@surveymonkey.com,33416,85.65.197.94
979,Stesha Geroldini,sgeroldinir6@angelfire.com,15279,26.115.100.42
980,Florina Chirm,fchirmr7@boston.com,31205,3.70.208.60
981,Garreth Arniz,garnizr8@sphinn.com,11388,73.21.104.254
982,Culver Pringell,cpringellr9@cargocollective.com,85053,11.56.187.233
983,Kirsteni Hyder,khyderra@nature.com,98664,117.15.67.103
984,Lisetta de Guerre,lderb@surveymonkey.com,90045,113.122.250.211
985,Tiphani Mortell,tmortellrc@alibaba.com,23454,165.168.193.52
986,Ertha Cartner,ecartnerrd@sina.com.cn,77070,81.51.150.122
987,Lemmy Ansett,lansettre@usgs.gov,74108,10.1.2.4
988,Nero D'Antuoni,ndantuonirf@goo.gl,89160,95.44.79.131
989,Maury Cullingworth,mcullingworthrg@discovery.com,92662,23.220.20.166
990,Bambie Polon,bpolonrh@hibu.com,65110,43.125.102.191
991,Herrick Mowlam,hmowlamri@prlog.org,43605,201.38.146.35
992,Keely MacTerlagh,kmacterlaghrj@patch.com,78410,23.63.181.137
993,Fidelity Millbank,fmillbankrk@yellowbook.com,32244,144.93.31.196
994,Klara Keable,kkeablerl@jimdo.com,59112,141.224.248.76
995,Nadiya Pawelski,npawelskirm@amazon.co.uk,81010,39.6.199.15
996,Berkie Buttery,bbutteryrn@who.int,36104,153.93.169.203
997,Rey Okey,rokeyro@pinterest.com,46620,189.83.231.104
998,Rollin Friett,rfriettrp@vistaprint.com,28230,172.120.254.255
999,Brittni Rogeron,brogeronrq@comcast.net,17110,64.100.50.31
1000,Caren Bisp,cbisprr@ftc.gov,68105,3.51.244.115